SOCS1,CD3D,CCL4,IL7R,TSSC2,SAMSN1,PTPN7,CD300C,VSIG4,CXCL10,GPR84,CD300E,THBS1,FPR1,FSIP1,PDCD1LG2,MT1E,CCL5,GZMB,SEMA6B,AQP9,IL2RA,LILRB4,CD3G,CYTIP,CD209,PPBP,CCL7,CLEC5A,LRRC25,CCL4L2,IL18RAP,P2RY6,ITK,FLT4,KLRC1,CCL3,NKG7,IL2RB,GZMA,MT2A,IL1B,APOD,PRF1,GIMAP6,MT1G,IDO1,FCGR3A,CXCR6,FCER1G,IFIT3,BATF3,SLFN12L,IL10,SIGLEC7,GZMH,CD7,OLR1,S100A8,label
4.0,24.0,0.0,49.0,21.0,94.0,12.0,0.0,0.0,217.0,0.0,3.0,12745.0,0.0,23.0,7.0,5164.0,233.0,32.0,84.0,0.0,26.0,20.0,29.0,37.0,16.0,8.0,388.0,39.0,8.0,0.0,0.0,21.0,36.0,12.0,20.0,99.0,0.0,10.0,20.0,9130.0,91.0,88.0,0.0,17.0,3236.0,36.0,0.0,0.0,297.0,1024.0,6.0,13.0,21.0,0.0,8.0,0.0,21.0,38.0,0.0
5.0,14.0,0.0,97.0,19.0,51.0,17.0,5.0,0.0,214.0,1.0,3.0,8552.0,23.0,3.0,35.0,2460.0,352.0,4.0,135.0,5.0,18.0,0.0,44.0,96.0,22.0,2.0,147.0,5.0,5.0,0.0,0.0,2.0,17.0,7.0,5.0,219.0,0.0,0.0,4.0,12295.0,404.0,62.0,2.0,1.0,902.0,7.0,0.0,4.0,56.0,1958.0,20.0,15.0,23.0,0.0,6.0,2.0,52.0,53.0,1.0
7.0,8.0,0.0,46.0,27.0,43.0,13.0,12.0,44.0,134.0,19.0,4.0,11015.0,9.0,19.0,1.0,2671.0,206.0,47.0,66.0,0.0,0.0,11.0,28.0,26.0,2.0,4.0,22.0,14.0,10.0,0.0,9.0,20.0,22.0,9.0,6.0,35.0,5.0,3.0,14.0,5705.0,105.0,39.0,0.0,9.0,2091.0,31.0,0.0,1.0,236.0,1320.0,0.0,10.0,14.0,3.0,0.0,0.0,44.0,25.0,0.0
9.0,8.0,3.0,37.0,25.0,146.0,2.0,0.0,0.0,86.0,6.0,6.0,8314.0,10.0,21.0,0.0,6167.0,168.0,27.0,93.0,0.0,0.0,2.0,14.0,101.0,10.0,0.0,273.0,12.0,4.0,0.0,1.0,6.0,21.0,15.0,0.0,54.0,10.0,3.0,6.0,8423.0,59.0,56.0,3.0,8.0,4030.0,20.0,0.0,8.0,287.0,750.0,0.0,21.0,10.0,0.0,0.0,0.0,67.0,16.0,0.0
9.0,25.0,0.0,77.0,24.0,67.0,21.0,20.0,36.0,41.0,7.0,8.0,26648.0,6.0,17.0,0.0,5408.0,190.0,12.0,142.0,10.0,1.0,0.0,53.0,54.0,20.0,0.0,288.0,79.0,11.0,0.0,0.0,21.0,18.0,10.0,1.0,49.0,11.0,1.0,17.0,13175.0,131.0,274.0,10.0,18.0,5313.0,30.0,4.0,10.0,281.0,1125.0,15.0,14.0,75.0,0.0,0.0,0.0,68.0,35.0,1.0
10.0,7.0,0.0,47.0,85.0,29.0,7.0,0.0,40.0,55.0,9.0,14.0,15293.0,0.0,3.0,8.0,3268.0,149.0,25.0,159.0,24.0,0.0,0.0,31.0,24.0,9.0,0.0,90.0,22.0,10.0,0.0,0.0,22.0,24.0,9.0,3.0,65.0,6.0,4.0,4.0,6070.0,27.0,314.0,10.0,25.0,2168.0,12.0,8.0,20.0,141.0,1210.0,12.0,10.0,25.0,3.0,1.0,0.0,51.0,54.0,1.0
10.0,39.0,27.0,78.0,66.0,134.0,29.0,9.0,468.0,562.0,80.0,8.0,30993.0,34.0,4.0,0.0,5564.0,339.0,182.0,84.0,36.0,6.0,22.0,68.0,64.0,59.0,27.0,590.0,130.0,21.0,0.0,0.0,24.0,23.0,35.0,24.0,268.0,26.0,18.0,21.0,9452.0,362.0,549.0,1.0,57.0,5751.0,24.0,15.0,12.0,932.0,2126.0,29.0,31.0,39.0,15.0,27.0,0.0,94.0,206.0,1.0
10.0,51.0,7.0,46.0,88.0,70.0,33.0,11.0,28.0,1843.0,14.0,10.0,21846.0,1.0,26.0,0.0,27004.0,233.0,86.0,161.0,2.0,3.0,0.0,32.0,86.0,6.0,8.0,166.0,39.0,12.0,0.0,16.0,28.0,56.0,11.0,21.0,224.0,23.0,37.0,90.0,31743.0,182.0,953.0,27.0,30.0,28999.0,344.0,7.0,47.0,340.0,2723.0,0.0,39.0,51.0,13.0,0.0,8.0,28.0,101.0,1.0
11.0,43.0,9.0,94.0,14.0,183.0,5.0,3.0,122.0,238.0,18.0,8.0,12691.0,5.0,7.0,13.0,3770.0,226.0,63.0,8.0,39.0,38.0,19.0,23.0,70.0,36.0,0.0,214.0,78.0,4.0,0.0,14.0,6.0,42.0,11.0,12.0,190.0,9.0,0.0,42.0,7765.0,295.0,228.0,5.0,12.0,4165.0,316.0,7.0,16.0,503.0,2624.0,7.0,4.0,12.0,1.0,13.0,0.0,28.0,126.0,1.0
13.0,7.0,0.0,90.0,45.0,72.0,36.0,9.0,31.0,11.0,10.0,2.0,11864.0,19.0,50.0,4.0,3181.0,320.0,51.0,282.0,14.0,35.0,7.0,45.0,40.0,53.0,0.0,39.0,38.0,11.0,0.0,0.0,16.0,23.0,23.0,1.0,49.0,12.0,8.0,7.0,5604.0,23.0,152.0,5.0,28.0,3046.0,18.0,4.0,30.0,507.0,389.0,7.0,31.0,28.0,7.0,0.0,0.0,105.0,62.0,0.0
14.0,15.0,25.0,71.0,27.0,91.0,23.0,0.0,26.0,1106.0,31.0,3.0,13751.0,2.0,12.0,11.0,3795.0,212.0,81.0,89.0,18.0,24.0,2.0,35.0,39.0,39.0,3.0,119.0,27.0,13.0,0.0,1.0,39.0,22.0,6.0,6.0,240.0,20.0,9.0,40.0,8793.0,234.0,118.0,15.0,16.0,5520.0,172.0,0.0,8.0,333.0,2026.0,17.0,10.0,49.0,0.0,3.0,0.0,44.0,65.0,0.0
14.0,21.0,5.0,201.0,13.0,215.0,33.0,15.0,20.0,111.0,37.0,35.0,6721.0,7.0,19.0,28.0,1550.0,487.0,66.0,362.0,32.0,29.0,35.0,68.0,42.0,83.0,0.0,51.0,13.0,53.0,0.0,7.0,36.0,52.0,29.0,2.0,198.0,18.0,2.0,25.0,4723.0,323.0,930.0,4.0,22.0,1620.0,70.0,12.0,25.0,741.0,2020.0,12.0,26.0,80.0,11.0,5.0,2.0,116.0,131.0,0.0
15.0,2.0,0.0,73.0,34.0,67.0,21.0,4.0,4.0,16.0,3.0,7.0,6151.0,6.0,83.0,3.0,822.0,289.0,46.0,331.0,10.0,14.0,4.0,74.0,13.0,79.0,0.0,14.0,9.0,30.0,0.0,4.0,61.0,49.0,23.0,0.0,45.0,7.0,2.0,14.0,2747.0,9.0,284.0,1.0,41.0,427.0,70.0,7.0,18.0,205.0,336.0,4.0,58.0,40.0,7.0,0.0,0.0,49.0,44.0,0.0
15.0,27.0,0.0,163.0,31.0,185.0,20.0,9.0,35.0,88.0,11.0,15.0,12826.0,3.0,24.0,24.0,2836.0,433.0,35.0,199.0,15.0,2.0,0.0,69.0,24.0,71.0,13.0,140.0,26.0,15.0,0.0,1.0,25.0,41.0,21.0,16.0,350.0,10.0,9.0,7.0,8417.0,410.0,395.0,11.0,23.0,1712.0,49.0,7.0,9.0,565.0,1385.0,28.0,35.0,89.0,14.0,12.0,0.0,66.0,737.0,0.0
16.0,35.0,0.0,66.0,22.0,31.0,13.0,1.0,99.0,1679.0,14.0,11.0,4334.0,2.0,19.0,8.0,3127.0,196.0,88.0,93.0,34.0,13.0,2.0,32.0,41.0,36.0,13.0,26.0,6.0,2.0,0.0,19.0,32.0,25.0,12.0,1.0,69.0,12.0,0.0,40.0,8704.0,173.0,39.0,12.0,16.0,6689.0,88.0,0.0,4.0,263.0,2478.0,15.0,18.0,18.0,11.0,1.0,5.0,49.0,78.0,0.0
16.0,58.0,0.0,55.0,6.0,282.0,7.0,6.0,58.0,187.0,15.0,9.0,7520.0,1.0,35.0,6.0,1751.0,313.0,169.0,41.0,20.0,2.0,0.0,59.0,56.0,15.0,14.0,56.0,38.0,4.0,0.0,2.0,7.0,24.0,6.0,9.0,53.0,16.0,27.0,106.0,3981.0,220.0,99.0,13.0,18.0,664.0,116.0,10.0,35.0,265.0,2358.0,1.0,15.0,28.0,0.0,3.0,3.0,60.0,93.0,0.0
17.0,12.0,0.0,158.0,19.0,151.0,10.0,5.0,71.0,59.0,38.0,17.0,16089.0,3.0,24.0,9.0,3313.0,218.0,52.0,103.0,24.0,24.0,17.0,52.0,47.0,44.0,25.0,315.0,40.0,8.0,0.0,0.0,32.0,23.0,5.0,0.0,125.0,14.0,7.0,6.0,10073.0,183.0,584.0,4.0,23.0,3770.0,88.0,8.0,15.0,568.0,1065.0,10.0,9.0,38.0,2.0,0.0,0.0,124.0,111.0,0.0
18.0,1.0,3.0,33.0,99.0,75.0,9.0,12.0,75.0,42.0,7.0,0.0,14695.0,2.0,90.0,15.0,393.0,111.0,6.0,323.0,6.0,1.0,9.0,22.0,54.0,42.0,22.0,6.0,13.0,25.0,0.0,0.0,13.0,29.0,53.0,0.0,25.0,3.0,26.0,0.0,820.0,81.0,239.0,2.0,68.0,307.0,37.0,5.0,2.0,96.0,2005.0,0.0,7.0,16.0,6.0,0.0,13.0,87.0,56.0,0.0
18.0,5.0,6.0,90.0,21.0,145.0,6.0,4.0,12.0,63.0,0.0,17.0,9358.0,5.0,61.0,3.0,2017.0,141.0,58.0,63.0,13.0,10.0,10.0,18.0,32.0,51.0,0.0,98.0,21.0,21.0,0.0,1.0,31.0,38.0,26.0,3.0,72.0,6.0,0.0,19.0,5020.0,71.0,134.0,9.0,99.0,1746.0,56.0,1.0,8.0,394.0,739.0,16.0,7.0,10.0,14.0,0.0,0.0,93.0,60.0,0.0
19.0,7.0,5.0,75.0,27.0,123.0,27.0,14.0,21.0,43.0,63.0,19.0,16715.0,4.0,33.0,22.0,3031.0,247.0,13.0,176.0,48.0,15.0,3.0,40.0,47.0,38.0,5.0,270.0,74.0,20.0,0.0,1.0,32.0,44.0,22.0,9.0,298.0,24.0,21.0,10.0,8274.0,319.0,262.0,9.0,24.0,2589.0,8.0,8.0,2.0,603.0,1023.0,6.0,42.0,113.0,12.0,0.0,1.0,53.0,125.0,0.0
20.0,18.0,0.0,86.0,17.0,74.0,21.0,4.0,24.0,16.0,13.0,11.0,13195.0,0.0,11.0,8.0,1502.0,251.0,39.0,130.0,8.0,6.0,1.0,24.0,6.0,57.0,0.0,27.0,66.0,13.0,0.0,0.0,9.0,25.0,24.0,12.0,35.0,26.0,2.0,0.0,3531.0,38.0,67.0,9.0,12.0,1848.0,23.0,0.0,2.0,278.0,571.0,12.0,12.0,25.0,2.0,13.0,0.0,31.0,32.0,0.0
20.0,19.0,0.0,40.0,26.0,57.0,11.0,17.0,44.0,289.0,35.0,6.0,15079.0,0.0,20.0,11.0,3587.0,169.0,40.0,71.0,37.0,1.0,7.0,22.0,16.0,51.0,43.0,110.0,35.0,24.0,0.0,0.0,19.0,25.0,14.0,3.0,234.0,29.0,8.0,15.0,13418.0,580.0,126.0,6.0,17.0,1941.0,31.0,0.0,22.0,358.0,2793.0,32.0,33.0,31.0,5.0,4.0,0.0,80.0,103.0,0.0
20.0,36.0,0.0,31.0,13.0,31.0,6.0,0.0,15.0,215.0,11.0,2.0,11002.0,1.0,25.0,0.0,2574.0,117.0,31.0,55.0,0.0,30.0,5.0,43.0,7.0,19.0,0.0,215.0,17.0,3.0,0.0,0.0,3.0,9.0,15.0,0.0,59.0,4.0,0.0,19.0,7404.0,132.0,87.0,9.0,2.0,3879.0,8.0,20.0,1.0,235.0,642.0,0.0,15.0,19.0,19.0,0.0,3.0,74.0,56.0,0.0
21.0,8.0,1.0,83.0,23.0,143.0,7.0,4.0,13.0,66.0,1.0,3.0,8275.0,0.0,25.0,0.0,3207.0,158.0,57.0,41.0,6.0,8.0,7.0,24.0,41.0,16.0,5.0,62.0,42.0,8.0,1.0,6.0,5.0,19.0,3.0,0.0,91.0,5.0,4.0,25.0,6605.0,130.0,176.0,9.0,33.0,1394.0,71.0,8.0,9.0,229.0,985.0,5.0,22.0,20.0,0.0,6.0,0.0,24.0,50.0,0.0
21.0,14.0,0.0,42.0,4.0,48.0,2.0,7.0,99.0,932.0,14.0,14.0,4216.0,0.0,17.0,15.0,2456.0,138.0,42.0,36.0,61.0,9.0,15.0,18.0,18.0,28.0,22.0,193.0,9.0,3.0,0.0,4.0,13.0,5.0,9.0,12.0,72.0,21.0,21.0,25.0,4796.0,244.0,15.0,1.0,9.0,1747.0,59.0,4.0,13.0,311.0,2704.0,12.0,19.0,49.0,2.0,9.0,0.0,37.0,54.0,0.0
21.0,27.0,1.0,183.0,26.0,100.0,25.0,3.0,81.0,15.0,17.0,14.0,7600.0,7.0,12.0,4.0,5686.0,299.0,49.0,210.0,7.0,26.0,0.0,58.0,91.0,35.0,7.0,18.0,72.0,12.0,0.0,0.0,41.0,22.0,23.0,6.0,205.0,28.0,43.0,17.0,13492.0,157.0,261.0,0.0,37.0,4465.0,76.0,0.0,16.0,597.0,736.0,17.0,19.0,70.0,4.0,0.0,2.0,80.0,80.0,0.0
22.0,19.0,27.0,115.0,109.0,360.0,29.0,7.0,316.0,90.0,0.0,0.0,4338.0,33.0,214.0,13.0,380.0,144.0,60.0,522.0,39.0,24.0,47.0,17.0,288.0,363.0,0.0,16.0,55.0,48.0,0.0,16.0,62.0,27.0,68.0,1.0,114.0,23.0,6.0,82.0,631.0,49.0,264.0,6.0,127.0,566.0,111.0,77.0,4.0,1061.0,3425.0,11.0,26.0,33.0,30.0,4.0,1.0,341.0,0.0,0.0
22.0,34.0,12.0,116.0,36.0,142.0,9.0,0.0,23.0,132.0,20.0,17.0,13456.0,10.0,34.0,20.0,5744.0,227.0,32.0,93.0,32.0,2.0,3.0,30.0,27.0,13.0,0.0,63.0,17.0,12.0,0.0,19.0,61.0,19.0,18.0,8.0,210.0,14.0,12.0,31.0,13454.0,147.0,120.0,3.0,58.0,6035.0,100.0,1.0,2.0,294.0,983.0,28.0,31.0,25.0,0.0,1.0,2.0,47.0,29.0,0.0
24.0,27.0,3.0,106.0,23.0,255.0,12.0,19.0,90.0,69.0,20.0,5.0,9697.0,3.0,41.0,18.0,2039.0,240.0,50.0,54.0,7.0,13.0,43.0,20.0,33.0,64.0,7.0,84.0,15.0,17.0,0.0,0.0,21.0,7.0,24.0,9.0,154.0,27.0,4.0,22.0,4943.0,37.0,127.0,7.0,12.0,1028.0,16.0,27.0,3.0,779.0,1430.0,17.0,14.0,48.0,7.0,3.0,3.0,60.0,100.0,0.0
25.0,23.0,8.0,33.0,16.0,115.0,22.0,6.0,145.0,256.0,33.0,14.0,4404.0,4.0,27.0,18.0,7684.0,195.0,50.0,60.0,27.0,39.0,14.0,47.0,78.0,39.0,5.0,121.0,87.0,4.0,0.0,4.0,26.0,21.0,8.0,15.0,57.0,18.0,30.0,12.0,13618.0,422.0,88.0,19.0,17.0,11261.0,164.0,0.0,3.0,334.0,2296.0,1.0,19.0,35.0,6.0,0.0,0.0,70.0,58.0,0.0
25.0,27.0,2.0,104.0,39.0,193.0,13.0,14.0,22.0,183.0,33.0,15.0,27250.0,8.0,22.0,2.0,5250.0,100.0,33.0,62.0,38.0,4.0,0.0,31.0,2.0,60.0,0.0,385.0,34.0,9.0,0.0,2.0,67.0,12.0,21.0,0.0,120.0,20.0,10.0,25.0,11685.0,89.0,1167.0,2.0,49.0,3513.0,48.0,9.0,6.0,814.0,1843.0,15.0,9.0,50.0,16.0,3.0,7.0,53.0,88.0,0.0
26.0,7.0,2.0,201.0,12.0,73.0,15.0,3.0,46.0,152.0,7.0,6.0,11093.0,0.0,16.0,1.0,1313.0,149.0,53.0,102.0,25.0,6.0,2.0,40.0,68.0,42.0,3.0,104.0,15.0,10.0,0.0,9.0,28.0,21.0,23.0,12.0,185.0,18.0,16.0,7.0,4435.0,300.0,362.0,1.0,36.0,1984.0,37.0,0.0,8.0,344.0,2511.0,5.0,21.0,39.0,1.0,2.0,1.0,26.0,72.0,0.0
26.0,22.0,7.0,105.0,24.0,181.0,20.0,6.0,52.0,12.0,13.0,8.0,4580.0,3.0,22.0,8.0,1839.0,259.0,28.0,263.0,30.0,36.0,6.0,52.0,26.0,49.0,5.0,45.0,40.0,15.0,0.0,8.0,35.0,32.0,26.0,6.0,153.0,14.0,5.0,13.0,4713.0,172.0,80.0,21.0,32.0,687.0,44.0,6.0,8.0,534.0,941.0,12.0,37.0,42.0,12.0,0.0,3.0,73.0,96.0,0.0
27.0,54.0,3.0,134.0,17.0,139.0,19.0,0.0,21.0,1798.0,13.0,12.0,16964.0,16.0,20.0,15.0,8069.0,333.0,97.0,137.0,14.0,16.0,0.0,65.0,53.0,20.0,0.0,164.0,48.0,6.0,1.0,3.0,12.0,47.0,11.0,14.0,87.0,27.0,29.0,82.0,14617.0,170.0,118.0,5.0,23.0,9817.0,148.0,0.0,15.0,262.0,1867.0,8.0,24.0,56.0,0.0,7.0,0.0,32.0,71.0,0.0
28.0,6.0,0.0,144.0,76.0,84.0,26.0,28.0,5.0,85.0,4.0,0.0,5659.0,0.0,54.0,1.0,414.0,75.0,28.0,168.0,38.0,1.0,6.0,9.0,154.0,39.0,8.0,34.0,48.0,14.0,0.0,2.0,11.0,9.0,13.0,0.0,49.0,2.0,10.0,1.0,608.0,118.0,28.0,5.0,6.0,143.0,153.0,7.0,4.0,173.0,1886.0,14.0,2.0,19.0,5.0,0.0,2.0,72.0,6.0,0.0
28.0,110.0,4.0,209.0,103.0,231.0,11.0,12.0,18.0,116.0,22.0,1.0,28976.0,17.0,4.0,0.0,1913.0,468.0,119.0,48.0,16.0,16.0,0.0,101.0,60.0,63.0,0.0,143.0,135.0,10.0,0.0,10.0,10.0,18.0,22.0,11.0,174.0,44.0,33.0,63.0,3730.0,204.0,241.0,14.0,14.0,1082.0,91.0,30.0,12.0,862.0,909.0,3.0,26.0,41.0,0.0,10.0,16.0,106.0,133.0,0.0
29.0,17.0,3.0,255.0,30.0,206.0,12.0,3.0,224.0,144.0,39.0,6.0,18259.0,2.0,37.0,4.0,2369.0,253.0,41.0,156.0,19.0,55.0,0.0,36.0,30.0,64.0,35.0,419.0,102.0,20.0,0.0,5.0,21.0,49.0,10.0,5.0,142.0,21.0,15.0,27.0,4813.0,393.0,207.0,8.0,21.0,1789.0,57.0,13.0,14.0,638.0,1760.0,18.0,41.0,49.0,0.0,0.0,0.0,50.0,213.0,0.0
31.0,3.0,3.0,130.0,45.0,187.0,27.0,17.0,8.0,147.0,20.0,29.0,4524.0,3.0,47.0,35.0,6118.0,352.0,53.0,149.0,72.0,58.0,9.0,48.0,46.0,50.0,3.0,254.0,19.0,17.0,0.0,7.0,59.0,31.0,21.0,4.0,488.0,5.0,2.0,21.0,16101.0,488.0,296.0,2.0,26.0,3913.0,216.0,11.0,7.0,793.0,2804.0,37.0,20.0,86.0,13.0,2.0,2.0,81.0,64.0,0.0
31.0,15.0,3.0,189.0,15.0,183.0,49.0,15.0,217.0,61.0,39.0,6.0,13093.0,43.0,21.0,29.0,2501.0,247.0,34.0,91.0,7.0,45.0,10.0,46.0,50.0,102.0,7.0,28.0,73.0,33.0,0.0,8.0,51.0,28.0,15.0,3.0,131.0,16.0,12.0,0.0,7660.0,99.0,126.0,3.0,23.0,1390.0,86.0,26.0,19.0,911.0,1378.0,16.0,19.0,71.0,26.0,0.0,0.0,107.0,74.0,0.0
34.0,13.0,6.0,125.0,97.0,120.0,28.0,14.0,88.0,14.0,2.0,3.0,3574.0,9.0,112.0,13.0,617.0,89.0,28.0,292.0,64.0,7.0,8.0,34.0,138.0,193.0,2.0,25.0,21.0,14.0,0.0,1.0,29.0,6.0,43.0,1.0,55.0,4.0,15.0,34.0,1086.0,113.0,21.0,5.0,42.0,903.0,88.0,63.0,7.0,391.0,2539.0,6.0,9.0,13.0,13.0,1.0,7.0,100.0,6.0,0.0
34.0,58.0,8.0,173.0,18.0,423.0,16.0,14.0,38.0,219.0,24.0,16.0,27101.0,0.0,26.0,32.0,5416.0,317.0,163.0,86.0,33.0,77.0,25.0,83.0,75.0,21.0,0.0,54.0,33.0,2.0,0.0,0.0,17.0,3.0,8.0,11.0,273.0,28.0,12.0,142.0,10623.0,397.0,285.0,17.0,9.0,4644.0,231.0,10.0,27.0,576.0,3113.0,30.0,11.0,36.0,14.0,3.0,3.0,16.0,85.0,1.0
36.0,0.0,0.0,93.0,114.0,119.0,22.0,14.0,155.0,17.0,2.0,0.0,8980.0,2.0,60.0,20.0,277.0,172.0,22.0,427.0,9.0,3.0,31.0,18.0,48.0,65.0,49.0,17.0,40.0,13.0,0.0,7.0,14.0,21.0,54.0,1.0,36.0,2.0,5.0,2.0,654.0,82.0,291.0,1.0,37.0,172.0,18.0,2.0,0.0,128.0,1607.0,2.0,13.0,11.0,4.0,0.0,9.0,107.0,54.0,0.0
36.0,3.0,21.0,102.0,18.0,183.0,18.0,0.0,4.0,111.0,12.0,13.0,8004.0,6.0,20.0,34.0,2719.0,247.0,81.0,130.0,29.0,9.0,6.0,25.0,43.0,32.0,3.0,51.0,8.0,5.0,0.0,0.0,104.0,32.0,28.0,4.0,169.0,0.0,7.0,4.0,6820.0,235.0,500.0,0.0,36.0,1350.0,86.0,0.0,3.0,549.0,1370.0,18.0,33.0,93.0,14.0,0.0,1.0,72.0,55.0,0.0
38.0,7.0,1.0,160.0,26.0,190.0,29.0,5.0,56.0,115.0,12.0,16.0,8560.0,4.0,142.0,11.0,2030.0,480.0,120.0,314.0,56.0,33.0,0.0,47.0,33.0,107.0,7.0,85.0,29.0,25.0,0.0,0.0,62.0,79.0,22.0,15.0,346.0,9.0,0.0,13.0,7781.0,986.0,586.0,17.0,58.0,1906.0,69.0,20.0,15.0,677.0,1643.0,56.0,65.0,96.0,23.0,3.0,1.0,95.0,153.0,0.0
38.0,20.0,0.0,157.0,39.0,145.0,2.0,10.0,14.0,1446.0,64.0,89.0,14709.0,1.0,30.0,33.0,5140.0,485.0,197.0,114.0,42.0,53.0,3.0,51.0,60.0,46.0,0.0,1855.0,39.0,20.0,0.0,2.0,7.0,17.0,6.0,13.0,491.0,25.0,18.0,26.0,11690.0,1354.0,94.0,7.0,11.0,3617.0,340.0,1.0,17.0,504.0,7956.0,52.0,29.0,79.0,19.0,7.0,7.0,82.0,116.0,1.0
40.0,13.0,1.0,224.0,59.0,177.0,13.0,12.0,95.0,212.0,33.0,0.0,16392.0,6.0,41.0,11.0,409.0,133.0,13.0,466.0,29.0,3.0,32.0,12.0,190.0,67.0,101.0,51.0,137.0,18.0,0.0,0.0,26.0,26.0,37.0,2.0,108.0,4.0,13.0,8.0,832.0,233.0,116.0,4.0,46.0,189.0,33.0,6.0,6.0,305.0,2326.0,1.0,8.0,21.0,6.0,1.0,15.0,248.0,219.0,0.0
42.0,5.0,0.0,21.0,81.0,31.0,9.0,4.0,43.0,14.0,7.0,0.0,26025.0,2.0,116.0,9.0,833.0,70.0,36.0,243.0,13.0,0.0,0.0,11.0,61.0,27.0,5.0,2.0,7.0,11.0,0.0,1.0,23.0,28.0,25.0,0.0,4.0,0.0,26.0,8.0,1160.0,77.0,43.0,3.0,12.0,579.0,5.0,0.0,0.0,127.0,1323.0,8.0,4.0,11.0,5.0,0.0,3.0,66.0,12.0,0.0
42.0,65.0,2.0,183.0,19.0,284.0,34.0,51.0,1034.0,837.0,178.0,128.0,12103.0,18.0,43.0,27.0,5549.0,614.0,115.0,382.0,101.0,56.0,22.0,140.0,134.0,157.0,30.0,83.0,263.0,48.0,4.0,2.0,19.0,35.0,16.0,14.0,272.0,31.0,5.0,51.0,9554.0,996.0,390.0,5.0,25.0,5381.0,205.0,4.0,32.0,1225.0,3582.0,31.0,29.0,73.0,44.0,6.0,0.0,123.0,382.0,0.0
44.0,8.0,0.0,132.0,94.0,57.0,6.0,17.0,19.0,9.0,1.0,13.0,5030.0,3.0,86.0,6.0,372.0,55.0,61.0,187.0,10.0,3.0,1.0,4.0,103.0,88.0,1.0,10.0,34.0,15.0,0.0,0.0,17.0,14.0,29.0,0.0,37.0,8.0,0.0,4.0,697.0,76.0,69.0,1.0,13.0,242.0,35.0,18.0,0.0,167.0,1567.0,15.0,5.0,14.0,10.0,0.0,1.0,51.0,2.0,0.0
44.0,18.0,23.0,120.0,1.0,359.0,4.0,15.0,5.0,429.0,11.0,27.0,8144.0,3.0,52.0,14.0,10931.0,281.0,34.0,86.0,30.0,27.0,1.0,25.0,47.0,59.0,3.0,83.0,15.0,10.0,0.0,5.0,53.0,25.0,21.0,10.0,210.0,27.0,16.0,65.0,19913.0,93.0,287.0,12.0,21.0,8777.0,191.0,3.0,16.0,468.0,1125.0,13.0,19.0,7.0,9.0,8.0,0.0,44.0,85.0,0.0
44.0,71.0,0.0,134.0,7.0,237.0,8.0,2.0,290.0,2017.0,34.0,4.0,16069.0,0.0,8.0,3.0,5496.0,231.0,73.0,73.0,115.0,75.0,3.0,23.0,35.0,108.0,28.0,60.0,170.0,7.0,0.0,0.0,50.0,28.0,9.0,23.0,75.0,28.0,19.0,122.0,9403.0,348.0,196.0,3.0,17.0,5274.0,103.0,14.0,1.0,939.0,2339.0,21.0,12.0,19.0,14.0,0.0,2.0,71.0,264.0,0.0
45.0,19.0,0.0,41.0,74.0,132.0,31.0,13.0,107.0,45.0,0.0,0.0,3561.0,11.0,1561.0,5.0,438.0,124.0,26.0,285.0,33.0,18.0,15.0,17.0,110.0,101.0,8.0,6.0,27.0,34.0,0.0,4.0,29.0,12.0,59.0,8.0,28.0,12.0,19.0,64.0,763.0,99.0,45.0,10.0,93.0,255.0,68.0,94.0,2.0,288.0,2787.0,3.0,11.0,22.0,6.0,3.0,3.0,108.0,2.0,0.0
45.0,24.0,23.0,121.0,9.0,225.0,10.0,2.0,377.0,1405.0,41.0,12.0,20143.0,14.0,37.0,39.0,3109.0,246.0,58.0,111.0,59.0,41.0,0.0,20.0,80.0,70.0,89.0,117.0,137.0,8.0,0.0,4.0,17.0,13.0,16.0,4.0,314.0,15.0,41.0,22.0,9006.0,1061.0,541.0,0.0,41.0,4217.0,181.0,21.0,11.0,809.0,2471.0,42.0,14.0,45.0,0.0,1.0,0.0,94.0,171.0,1.0
47.0,2.0,3.0,54.0,32.0,145.0,19.0,5.0,66.0,40.0,2.0,17.0,12123.0,9.0,34.0,2.0,3472.0,205.0,32.0,149.0,48.0,37.0,26.0,28.0,73.0,47.0,22.0,35.0,46.0,5.0,0.0,0.0,44.0,43.0,22.0,4.0,94.0,9.0,9.0,1.0,6488.0,329.0,101.0,2.0,16.0,1500.0,66.0,12.0,1.0,467.0,1947.0,23.0,25.0,23.0,0.0,0.0,0.0,47.0,84.0,0.0
47.0,7.0,1.0,5.0,6.0,12.0,7.0,0.0,10.0,22.0,5.0,7.0,4971.0,0.0,3.0,18.0,3067.0,148.0,15.0,76.0,3.0,29.0,0.0,15.0,32.0,5.0,9.0,89.0,10.0,3.0,0.0,0.0,10.0,21.0,9.0,16.0,37.0,0.0,14.0,16.0,7160.0,240.0,13.0,1.0,2.0,3987.0,31.0,0.0,0.0,75.0,1368.0,41.0,9.0,21.0,0.0,0.0,2.0,22.0,24.0,0.0
48.0,43.0,16.0,223.0,35.0,259.0,25.0,26.0,67.0,1457.0,71.0,46.0,9473.0,9.0,37.0,48.0,1437.0,506.0,176.0,175.0,100.0,60.0,93.0,64.0,64.0,48.0,32.0,207.0,72.0,18.0,0.0,1.0,32.0,20.0,18.0,5.0,422.0,19.0,19.0,40.0,7397.0,962.0,226.0,0.0,39.0,469.0,190.0,21.0,41.0,493.0,8364.0,31.0,33.0,119.0,11.0,15.0,4.0,111.0,847.0,0.0
49.0,31.0,3.0,385.0,27.0,237.0,15.0,27.0,465.0,360.0,104.0,48.0,16638.0,38.0,59.0,55.0,3123.0,526.0,69.0,104.0,92.0,62.0,2.0,68.0,125.0,118.0,159.0,225.0,186.0,13.0,0.0,0.0,71.0,47.0,11.0,7.0,475.0,17.0,8.0,40.0,8800.0,1843.0,442.0,11.0,29.0,2072.0,243.0,19.0,9.0,1389.0,2956.0,45.0,26.0,94.0,13.0,4.0,1.0,195.0,307.0,1.0
50.0,0.0,0.0,72.0,89.0,39.0,10.0,5.0,12.0,118.0,3.0,2.0,4276.0,12.0,95.0,9.0,330.0,99.0,60.0,314.0,10.0,2.0,19.0,5.0,185.0,71.0,3.0,1.0,10.0,13.0,0.0,0.0,5.0,22.0,33.0,3.0,51.0,2.0,5.0,0.0,663.0,86.0,132.0,2.0,28.0,135.0,12.0,10.0,0.0,188.0,1787.0,12.0,7.0,29.0,12.0,0.0,0.0,61.0,140.0,0.0
51.0,48.0,17.0,99.0,21.0,221.0,26.0,11.0,530.0,308.0,19.0,21.0,8627.0,12.0,52.0,9.0,2026.0,313.0,153.0,80.0,41.0,20.0,44.0,27.0,49.0,169.0,42.0,42.0,15.0,28.0,0.0,2.0,69.0,4.0,18.0,7.0,166.0,28.0,31.0,130.0,5606.0,425.0,250.0,6.0,48.0,2008.0,85.0,6.0,14.0,660.0,2170.0,17.0,19.0,46.0,13.0,6.0,1.0,66.0,302.0,0.0
52.0,19.0,2.0,422.0,170.0,376.0,17.0,23.0,438.0,274.0,4.0,17.0,12661.0,1.0,257.0,29.0,858.0,90.0,39.0,767.0,40.0,46.0,0.0,22.0,130.0,328.0,0.0,0.0,125.0,100.0,0.0,0.0,130.0,55.0,418.0,0.0,50.0,12.0,75.0,110.0,1368.0,64.0,168.0,16.0,230.0,904.0,184.0,79.0,0.0,1148.0,3483.0,0.0,7.0,33.0,32.0,4.0,5.0,642.0,0.0,0.0
52.0,26.0,8.0,22.0,65.0,49.0,5.0,2.0,0.0,23.0,0.0,0.0,1925.0,0.0,63.0,3.0,270.0,79.0,14.0,249.0,10.0,1.0,0.0,14.0,64.0,10.0,5.0,3.0,3.0,1.0,0.0,1.0,21.0,12.0,96.0,3.0,11.0,8.0,18.0,32.0,315.0,170.0,14.0,4.0,34.0,42.0,9.0,7.0,8.0,20.0,1322.0,6.0,8.0,8.0,1.0,0.0,1.0,23.0,0.0,0.0
53.0,27.0,0.0,148.0,6.0,182.0,19.0,1.0,33.0,27.0,37.0,7.0,7514.0,8.0,31.0,13.0,1102.0,250.0,69.0,193.0,23.0,15.0,4.0,40.0,23.0,40.0,0.0,26.0,43.0,14.0,0.0,3.0,51.0,46.0,11.0,0.0,92.0,10.0,18.0,29.0,3400.0,131.0,83.0,0.0,12.0,365.0,63.0,0.0,10.0,551.0,981.0,10.0,44.0,39.0,14.0,4.0,1.0,97.0,82.0,0.0
54.0,0.0,0.0,78.0,115.0,58.0,3.0,6.0,10.0,28.0,2.0,0.0,14784.0,0.0,91.0,2.0,1090.0,86.0,54.0,322.0,2.0,2.0,0.0,8.0,166.0,34.0,2.0,31.0,6.0,11.0,0.0,0.0,18.0,21.0,78.0,0.0,21.0,5.0,26.0,3.0,1330.0,11.0,248.0,0.0,48.0,349.0,9.0,6.0,1.0,153.0,1422.0,25.0,8.0,14.0,0.0,3.0,7.0,112.0,17.0,0.0
54.0,2.0,0.0,16.0,60.0,81.0,21.0,0.0,24.0,28.0,1.0,0.0,2265.0,1.0,89.0,10.0,468.0,96.0,47.0,264.0,6.0,9.0,6.0,9.0,172.0,54.0,25.0,2.0,15.0,3.0,1.0,1.0,8.0,21.0,32.0,4.0,20.0,0.0,5.0,1.0,531.0,50.0,57.0,0.0,22.0,71.0,7.0,5.0,0.0,84.0,1312.0,1.0,3.0,10.0,7.0,3.0,0.0,50.0,0.0,0.0
55.0,15.0,28.0,164.0,79.0,121.0,20.0,7.0,87.0,22.0,4.0,3.0,3342.0,5.0,69.0,15.0,585.0,48.0,30.0,447.0,33.0,9.0,3.0,9.0,73.0,144.0,14.0,20.0,95.0,41.0,1.0,0.0,42.0,17.0,48.0,0.0,133.0,23.0,8.0,10.0,614.0,116.0,116.0,2.0,52.0,201.0,87.0,29.0,6.0,441.0,1770.0,21.0,8.0,20.0,43.0,0.0,19.0,160.0,1035.0,0.0
58.0,0.0,3.0,15.0,124.0,87.0,9.0,8.0,37.0,78.0,3.0,0.0,2598.0,2.0,92.0,2.0,256.0,111.0,30.0,305.0,53.0,52.0,15.0,13.0,84.0,122.0,36.0,4.0,3.0,20.0,3.0,3.0,13.0,11.0,56.0,0.0,44.0,5.0,2.0,23.0,514.0,342.0,68.0,4.0,22.0,351.0,61.0,13.0,3.0,245.0,1472.0,5.0,3.0,11.0,15.0,1.0,6.0,76.0,16.0,0.0
58.0,16.0,4.0,164.0,23.0,226.0,15.0,21.0,21.0,104.0,16.0,8.0,10136.0,8.0,95.0,28.0,3343.0,124.0,45.0,102.0,38.0,5.0,6.0,19.0,40.0,32.0,3.0,25.0,33.0,7.0,0.0,0.0,53.0,31.0,17.0,0.0,164.0,9.0,5.0,6.0,9657.0,290.0,354.0,4.0,37.0,4344.0,151.0,14.0,25.0,574.0,1360.0,21.0,25.0,48.0,0.0,0.0,3.0,34.0,44.0,0.0
60.0,56.0,2.0,194.0,55.0,231.0,40.0,5.0,16.0,1227.0,21.0,8.0,20924.0,3.0,14.0,29.0,3069.0,372.0,195.0,190.0,20.0,55.0,0.0,100.0,29.0,22.0,12.0,139.0,122.0,14.0,0.0,5.0,33.0,50.0,12.0,45.0,450.0,17.0,22.0,43.0,9568.0,1198.0,198.0,7.0,13.0,3096.0,90.0,0.0,61.0,419.0,5574.0,19.0,32.0,64.0,8.0,6.0,2.0,32.0,35.0,1.0
61.0,2.0,0.0,34.0,107.0,28.0,8.0,14.0,23.0,6.0,7.0,0.0,27924.0,4.0,143.0,3.0,3085.0,77.0,19.0,237.0,11.0,2.0,2.0,9.0,211.0,28.0,8.0,13.0,12.0,16.0,0.0,7.0,3.0,31.0,41.0,0.0,8.0,0.0,6.0,0.0,4248.0,118.0,48.0,0.0,10.0,9186.0,4.0,10.0,2.0,89.0,2379.0,4.0,14.0,14.0,2.0,0.0,10.0,53.0,10.0,0.0
61.0,20.0,0.0,173.0,22.0,247.0,17.0,20.0,110.0,84.0,45.0,10.0,8402.0,13.0,33.0,23.0,1190.0,305.0,48.0,202.0,8.0,26.0,14.0,56.0,42.0,119.0,4.0,142.0,197.0,23.0,0.0,1.0,32.0,57.0,17.0,6.0,210.0,15.0,2.0,5.0,4266.0,680.0,354.0,11.0,22.0,1099.0,53.0,0.0,32.0,700.0,1102.0,27.0,30.0,45.0,16.0,3.0,0.0,127.0,296.0,1.0
61.0,27.0,39.0,317.0,253.0,486.0,90.0,50.0,607.0,9.0,14.0,0.0,22468.0,11.0,158.0,52.0,2627.0,174.0,35.0,885.0,65.0,40.0,20.0,47.0,191.0,722.0,1.0,14.0,116.0,165.0,5.0,2.0,272.0,30.0,599.0,2.0,214.0,30.0,25.0,116.0,3084.0,45.0,362.0,25.0,400.0,790.0,187.0,64.0,13.0,1747.0,2886.0,14.0,18.0,82.0,82.0,9.0,10.0,542.0,17.0,0.0
61.0,63.0,8.0,122.0,13.0,152.0,8.0,20.0,93.0,1472.0,23.0,31.0,18606.0,7.0,31.0,13.0,5062.0,175.0,101.0,35.0,31.0,7.0,0.0,25.0,43.0,87.0,14.0,202.0,116.0,8.0,0.0,0.0,8.0,35.0,12.0,2.0,369.0,27.0,15.0,43.0,10226.0,616.0,225.0,7.0,11.0,5899.0,148.0,6.0,0.0,690.0,3173.0,22.0,8.0,29.0,0.0,10.0,0.0,36.0,200.0,0.0
62.0,10.0,0.0,69.0,28.0,132.0,29.0,17.0,101.0,21.0,7.0,20.0,7060.0,9.0,92.0,11.0,1386.0,295.0,43.0,318.0,39.0,15.0,0.0,40.0,35.0,115.0,0.0,114.0,26.0,23.0,0.0,0.0,11.0,34.0,14.0,6.0,149.0,11.0,7.0,0.0,5364.0,344.0,212.0,2.0,34.0,733.0,16.0,5.0,14.0,381.0,1437.0,3.0,59.0,30.0,11.0,4.0,0.0,118.0,122.0,0.0
62.3073,20.5616,15.9256,149.7678,192.5075,458.4666,690.7829,40.2366,23.3879,26.2914,18.4547,69.6849,155.5837,48.6926,50.222,44.0621,13.5878,47.9555,18.9674,61.1481,44.1285,680.1379,96.5309,110.2132,2179.668,61.9464,16.6599,11.7435,62.8074,113.3949,4.2198,48.4889,77.6833,180.2122,154.7135,28.8513,14.3801,87.4981,112.2047,12.2427,40.6669,57.1721,31.0116,33.9083,112.4638,5.8118,82.5375,40.8157,70.1408,29.0397,225.8258,55.5152,158.9856,41.761,51.9835,45.4269,42.6662,138.8576,24.855,0.0
65.0,34.0,0.0,536.0,125.0,514.0,39.0,51.0,267.0,73.0,9.0,7.0,13836.0,20.0,153.0,41.0,732.0,116.0,88.0,348.0,23.0,14.0,24.0,21.0,139.0,334.0,1.0,15.0,138.0,67.0,0.0,1.0,82.0,25.0,133.0,17.0,152.0,28.0,18.0,56.0,1172.0,112.0,139.0,6.0,172.0,1832.0,171.0,46.0,14.0,1036.0,2736.0,27.0,12.0,38.0,34.0,2.0,7.0,571.0,32.0,0.0
67.0418,8.7839,12.1323,141.1213,157.3892,790.5328,560.676,39.9869,32.3959,6.7083,43.2261,91.6691,133.3552,57.8037,64.7792,52.8478,20.1798,39.953,32.626,56.9505,37.0312,760.5978,17.5845,93.9982,1965.6119,64.6013,20.1108,11.3829,100.3929,135.8737,1.6698,46.6514,74.2944,174.547,117.1045,43.8856,4.412,46.8426,155.3052,24.1585,41.0284,88.7749,24.5217,33.1625,127.1707,2.0186,72.6972,49.8824,86.6668,20.4014,171.0998,52.704,164.7979,31.3755,40.1415,43.9702,37.1116,129.7384,14.9902,0.0
69.0,73.0,5.0,284.0,12.0,360.0,13.0,14.0,201.0,173.0,72.0,12.0,19862.0,27.0,24.0,34.0,4688.0,266.0,132.0,45.0,74.0,19.0,7.0,36.0,43.0,113.0,6.0,110.0,62.0,16.0,0.0,2.0,51.0,15.0,11.0,6.0,521.0,11.0,15.0,38.0,11557.0,727.0,210.0,9.0,40.0,3443.0,27.0,1.0,25.0,829.0,1304.0,15.0,26.0,56.0,9.0,9.0,1.0,105.0,434.0,1.0
72.0,3.0,0.0,110.0,51.0,69.0,31.0,6.0,61.0,32.0,20.0,10.0,5891.0,11.0,7.0,11.0,1921.0,379.0,33.0,252.0,35.0,16.0,0.0,48.0,15.0,61.0,0.0,13.0,16.0,21.0,0.0,7.0,61.0,85.0,25.0,11.0,48.0,6.0,23.0,0.0,3655.0,120.0,78.0,0.0,23.0,1551.0,11.0,0.0,18.0,232.0,820.0,2.0,26.0,53.0,7.0,0.0,1.0,90.0,48.0,1.0
74.0,4.0,1.0,45.0,81.0,44.0,17.0,5.0,69.0,6.0,1.0,0.0,1666.0,4.0,107.0,9.0,338.0,78.0,11.0,342.0,11.0,22.0,2.0,16.0,55.0,112.0,5.0,1.0,19.0,11.0,0.0,1.0,25.0,19.0,45.0,2.0,14.0,2.0,6.0,15.0,539.0,66.0,44.0,5.0,13.0,89.0,17.0,10.0,13.0,158.0,958.0,7.0,6.0,11.0,3.0,0.0,2.0,78.0,8.0,0.0
74.3998,16.7176,41.2719,190.4268,230.1811,312.3172,1361.7402,29.9674,51.8146,22.6199,50.2289,89.0263,282.472,94.2883,85.4554,100.9966,15.3104,52.2026,43.2671,106.1774,51.1526,437.1482,14.527,152.2014,2180.8364,109.6636,37.9853,20.1022,111.697,160.3351,4.2314,63.4145,95.6507,287.9138,172.1046,91.9765,16.0708,55.4078,147.0562,30.3246,45.0422,99.8364,40.1208,57.5129,150.5949,7.2931,90.0655,56.6169,114.9181,33.7484,248.83,58.6201,192.4763,65.1759,57.3374,39.9848,42.4081,147.8419,27.7523,0.0
81.0,10.0,12.0,123.0,68.0,83.0,5.0,8.0,29.0,39.0,13.0,9.0,7751.0,0.0,33.0,13.0,292.0,66.0,14.0,254.0,11.0,1.0,11.0,13.0,64.0,27.0,29.0,73.0,24.0,11.0,0.0,5.0,5.0,12.0,37.0,0.0,116.0,4.0,13.0,6.0,535.0,133.0,94.0,0.0,56.0,225.0,5.0,2.0,0.0,142.0,2498.0,13.0,10.0,4.0,4.0,2.0,13.0,83.0,65.0,0.0
82.0,1.0,16.0,157.0,187.0,201.0,22.0,22.0,111.0,7.0,0.0,0.0,7193.0,9.0,125.0,80.0,1168.0,168.0,74.0,576.0,11.0,18.0,8.0,21.0,35.0,159.0,74.0,10.0,38.0,30.0,0.0,32.0,16.0,79.0,113.0,0.0,29.0,7.0,4.0,7.0,1042.0,25.0,240.0,0.0,136.0,462.0,7.0,12.0,0.0,376.0,2520.0,11.0,12.0,39.0,10.0,0.0,7.0,146.0,10.0,0.0
85.0,0.0,3.0,179.0,35.0,88.0,38.0,9.0,32.0,645.0,8.0,11.0,12033.0,4.0,47.0,13.0,3910.0,327.0,31.0,270.0,6.0,23.0,4.0,43.0,19.0,54.0,0.0,117.0,12.0,30.0,0.0,8.0,51.0,98.0,22.0,4.0,84.0,12.0,13.0,18.0,11460.0,163.0,217.0,0.0,47.0,8853.0,88.0,6.0,9.0,362.0,3129.0,45.0,29.0,79.0,24.0,13.0,0.0,24.0,64.0,0.0
88.0,83.0,20.0,234.0,52.0,294.0,23.0,25.0,32.0,133.0,6.0,74.0,10683.0,11.0,33.0,19.0,3961.0,309.0,100.0,130.0,28.0,60.0,32.0,54.0,77.0,135.0,0.0,212.0,209.0,23.0,0.0,3.0,53.0,46.0,22.0,6.0,469.0,62.0,14.0,15.0,15588.0,1076.0,1415.0,7.0,87.0,5344.0,75.0,5.0,17.0,1089.0,1044.0,44.0,40.0,105.0,35.0,19.0,0.0,70.0,416.0,1.0
91.0,64.0,29.0,690.0,158.0,390.0,57.0,75.0,318.0,249.0,63.0,56.0,40129.0,103.0,69.0,23.0,624.0,186.0,28.0,366.0,191.0,15.0,180.0,32.0,207.0,406.0,2.0,41.0,574.0,84.0,1.0,11.0,108.0,20.0,87.0,17.0,414.0,44.0,45.0,25.0,1184.0,482.0,754.0,19.0,83.0,194.0,188.0,43.0,25.0,1311.0,4033.0,41.0,29.0,68.0,133.0,12.0,16.0,687.0,187.0,0.0
93.0,10.0,4.0,136.0,12.0,92.0,23.0,17.0,78.0,154.0,25.0,3.0,5828.0,6.0,47.0,0.0,2258.0,261.0,108.0,90.0,55.0,10.0,2.0,34.0,29.0,54.0,0.0,39.0,37.0,11.0,0.0,13.0,21.0,24.0,23.0,1.0,317.0,14.0,6.0,28.0,6274.0,422.0,198.0,3.0,8.0,1888.0,57.0,4.0,2.0,407.0,2742.0,14.0,21.0,64.0,11.0,10.0,0.0,49.0,66.0,1.0
94.0,16.0,34.0,74.0,150.0,371.0,45.0,9.0,257.0,32.0,2.0,0.0,3695.0,13.0,117.0,32.0,168.0,121.0,34.0,349.0,54.0,11.0,0.0,17.0,262.0,583.0,0.0,6.0,87.0,65.0,0.0,12.0,91.0,27.0,66.0,1.0,65.0,13.0,24.0,103.0,334.0,27.0,232.0,8.0,120.0,264.0,74.0,107.0,4.0,894.0,2173.0,8.0,6.0,24.0,28.0,3.0,3.0,300.0,4.0,0.0
96.0,42.0,15.0,192.0,29.0,218.0,17.0,10.0,45.0,345.0,11.0,12.0,9006.0,22.0,53.0,51.0,2817.0,458.0,118.0,282.0,33.0,24.0,5.0,53.0,70.0,53.0,9.0,165.0,26.0,26.0,0.0,7.0,112.0,62.0,29.0,49.0,375.0,34.0,13.0,34.0,11478.0,703.0,305.0,22.0,90.0,1940.0,165.0,11.0,30.0,605.0,1964.0,42.0,48.0,96.0,6.0,10.0,2.0,79.0,170.0,1.0
97.0,0.0,13.0,155.0,96.0,82.0,24.0,26.0,35.0,783.0,18.0,16.0,7078.0,29.0,79.0,12.0,1158.0,102.0,45.0,366.0,113.0,1.0,0.0,6.0,276.0,121.0,9.0,20.0,38.0,35.0,3.0,0.0,22.0,16.0,33.0,7.0,201.0,8.0,4.0,2.0,1963.0,256.0,73.0,0.0,33.0,414.0,53.0,101.0,2.0,603.0,5034.0,31.0,3.0,16.0,25.0,0.0,0.0,342.0,249.0,0.0
97.0,36.0,17.0,131.0,48.0,195.0,23.0,16.0,80.0,842.0,50.0,22.0,11698.0,7.0,79.0,12.0,3291.0,375.0,71.0,185.0,119.0,79.0,60.0,68.0,58.0,38.0,22.0,590.0,51.0,39.0,0.0,3.0,70.0,31.0,26.0,7.0,534.0,15.0,5.0,21.0,20611.0,848.0,261.0,17.0,53.0,1789.0,98.0,16.0,20.0,522.0,3262.0,59.0,39.0,101.0,22.0,1.0,3.0,89.0,191.0,0.0
98.0,2.0,1.0,171.0,104.0,78.0,14.0,19.0,55.0,8.0,1.0,2.0,4348.0,4.0,97.0,7.0,1195.0,74.0,17.0,379.0,24.0,34.0,29.0,10.0,57.0,107.0,7.0,27.0,95.0,25.0,0.0,1.0,15.0,23.0,41.0,2.0,103.0,13.0,7.0,1.0,1521.0,139.0,139.0,0.0,30.0,335.0,18.0,8.0,2.0,239.0,1373.0,25.0,4.0,32.0,44.0,3.0,0.0,83.0,124.0,0.0
99.0,1.0,30.0,139.0,128.0,268.0,29.0,29.0,196.0,2.0,7.0,0.0,8368.0,13.0,110.0,78.0,1421.0,130.0,99.0,500.0,4.0,25.0,7.0,18.0,76.0,196.0,17.0,20.0,96.0,46.0,0.0,3.0,28.0,42.0,131.0,0.0,53.0,11.0,12.0,2.0,1704.0,42.0,290.0,2.0,218.0,411.0,17.0,14.0,0.0,489.0,2432.0,2.0,19.0,49.0,26.0,0.0,3.0,150.0,17.0,0.0
99.0,19.0,5.0,189.0,36.0,109.0,21.0,12.0,79.0,243.0,8.0,7.0,4899.0,2.0,105.0,7.0,2521.0,259.0,48.0,258.0,12.0,9.0,6.0,43.0,46.0,68.0,18.0,153.0,45.0,14.0,0.0,7.0,43.0,47.0,15.0,4.0,181.0,2.0,1.0,4.0,7483.0,421.0,601.0,9.0,36.0,1684.0,206.0,0.0,10.0,405.0,1513.0,17.0,23.0,64.0,8.0,0.0,0.0,68.0,285.0,1.0
103.0,0.0,1.0,91.0,86.0,99.0,13.0,12.0,12.0,14.0,15.0,6.0,16688.0,9.0,132.0,7.0,706.0,98.0,89.0,336.0,11.0,2.0,3.0,8.0,99.0,78.0,0.0,13.0,38.0,13.0,0.0,4.0,32.0,22.0,39.0,0.0,77.0,13.0,12.0,0.0,884.0,55.0,218.0,0.0,40.0,329.0,4.0,11.0,4.0,192.0,1402.0,10.0,6.0,18.0,9.0,0.0,6.0,130.0,38.0,0.0
106.0,0.0,96.0,385.0,305.0,505.0,27.0,17.0,0.0,282.0,149.0,2.0,14664.0,4.0,88.0,452.0,11305.0,189.0,23.0,436.0,671.0,204.0,1.0,17.0,81.0,23.0,1.0,104.0,11.0,12.0,0.0,13.0,14.0,116.0,56.0,0.0,3955.0,3.0,1.0,0.0,36329.0,6733.0,416.0,0.0,30.0,8819.0,77.0,0.0,0.0,492.0,5861.0,124.0,22.0,106.0,4.0,0.0,2.0,23.0,0.0,0.0
109.0,21.0,5.0,227.0,28.0,366.0,9.0,18.0,15.0,2355.0,20.0,31.0,12313.0,13.0,28.0,42.0,4831.0,452.0,55.0,236.0,82.0,102.0,20.0,44.0,101.0,34.0,8.0,106.0,33.0,11.0,0.0,20.0,42.0,42.0,28.0,0.0,904.0,25.0,10.0,6.0,17386.0,1490.0,1022.0,1.0,24.0,4527.0,472.0,6.0,18.0,945.0,7511.0,74.0,35.0,209.0,10.0,1.0,1.0,32.0,97.0,1.0
109.0,27.0,24.0,272.0,49.0,290.0,11.0,23.0,38.0,662.0,17.0,7.0,12873.0,4.0,42.0,69.0,3002.0,626.0,210.0,222.0,39.0,97.0,0.0,117.0,110.0,36.0,20.0,214.0,70.0,24.0,5.0,15.0,108.0,67.0,37.0,27.0,895.0,31.0,52.0,28.0,13239.0,1412.0,173.0,2.0,46.0,4486.0,326.0,0.0,12.0,865.0,4075.0,86.0,45.0,145.0,7.0,23.0,0.0,80.0,141.0,0.0
111.0,13.0,1.0,67.0,81.0,104.0,34.0,30.0,188.0,78.0,9.0,0.0,3075.0,21.0,91.0,13.0,707.0,95.0,26.0,263.0,59.0,7.0,24.0,9.0,240.0,202.0,13.0,25.0,98.0,39.0,0.0,0.0,24.0,21.0,47.0,4.0,62.0,4.0,13.0,17.0,942.0,371.0,32.0,0.0,39.0,404.0,35.0,98.0,0.0,489.0,3658.0,3.0,3.0,10.0,18.0,1.0,1.0,163.0,12.0,0.0
115.0,0.0,11.0,261.0,171.0,356.0,19.0,10.0,5.0,182.0,187.0,13.0,14575.0,2.0,106.0,438.0,11784.0,208.0,13.0,385.0,514.0,6.0,0.0,15.0,107.0,28.0,5.0,62.0,83.0,18.0,2.0,11.0,10.0,75.0,58.0,0.0,3360.0,0.0,12.0,0.0,39774.0,6485.0,408.0,0.0,37.0,7845.0,81.0,0.0,0.0,365.0,4361.0,88.0,30.0,111.0,9.0,0.0,0.0,22.0,22.0,0.0
117.0,40.0,23.0,76.0,50.0,82.0,14.0,2.0,10.0,414.0,19.0,0.0,3796.0,2.0,30.0,4.0,2636.0,327.0,22.0,178.0,319.0,7.0,0.0,32.0,354.0,14.0,28.0,22.0,1.0,19.0,3.0,20.0,21.0,37.0,31.0,12.0,184.0,35.0,66.0,26.0,7362.0,5583.0,44.0,6.0,24.0,1726.0,215.0,17.0,16.0,44.0,3292.0,45.0,20.0,6.0,3.0,9.0,21.0,17.0,42.0,0.0
121.0,31.0,11.0,259.0,47.0,278.0,34.0,20.0,144.0,43.0,50.0,23.0,6481.0,15.0,35.0,24.0,1599.0,264.0,138.0,174.0,42.0,26.0,12.0,50.0,49.0,155.0,11.0,98.0,97.0,3.0,0.0,8.0,52.0,35.0,24.0,19.0,296.0,32.0,14.0,22.0,6726.0,1140.0,781.0,16.0,54.0,2177.0,49.0,5.0,12.0,619.0,1296.0,55.0,32.0,113.0,23.0,17.0,3.0,100.0,214.0,1.0
138.0,31.0,51.0,321.0,90.0,280.0,55.0,51.0,214.0,502.0,14.0,22.0,9010.0,11.0,86.0,19.0,390.0,177.0,57.0,324.0,144.0,3.0,47.0,46.0,144.0,299.0,5.0,67.0,200.0,65.0,1.0,6.0,88.0,17.0,72.0,13.0,144.0,41.0,45.0,42.0,733.0,274.0,73.0,14.0,107.0,214.0,401.0,171.0,11.0,723.0,3733.0,12.0,15.0,96.0,64.0,14.0,4.0,410.0,89.0,0.0
148.6005,44.9634,28.9055,478.1108,122.3719,938.7276,12898.7583,60.2527,23.9979,4.0071,19.5239,335.129,946.9947,66.2579,71.2357,30.9545,15.0031,148.3294,32.7672,132.6426,112.261,4288.8946,33.4187,118.0637,6904.3468,38.5113,11.8506,10.6044,70.9534,156.2842,5.5185,31.0791,76.13,187.9562,49.636,16.5691,23.1002,103.4944,2170.6002,24.0039,121.8699,54.8622,59.6397,469.9242,96.1948,3.5777,32.9199,130.7729,44.2522,241.8105,51.1363,74.5061,93.539,11.8674,21.5408,63.1981,116.7596,63.0195,124.4945,2.0
167.0,9.0,0.0,126.0,42.0,73.0,24.0,8.0,41.0,320.0,3.0,2.0,17842.0,10.0,36.0,6.0,1091.0,113.0,12.0,88.0,48.0,4.0,18.0,16.0,64.0,47.0,8.0,21.0,8.0,24.0,0.0,2.0,23.0,23.0,17.0,8.0,22.0,10.0,13.0,9.0,2133.0,250.0,33.0,9.0,25.0,948.0,117.0,62.0,3.0,143.0,2114.0,18.0,7.0,10.0,5.0,6.0,8.0,112.0,37.0,0.0
168.0,0.0,40.0,372.0,330.0,145.0,14.0,2.0,0.0,1.0,6.0,2.0,3367.0,0.0,118.0,426.0,2442.0,285.0,4.0,392.0,148.0,4.0,0.0,10.0,123.0,16.0,1.0,20.0,0.0,12.0,0.0,20.0,0.0,426.0,33.0,0.0,699.0,0.0,11.0,0.0,8642.0,90.0,218.0,0.0,0.0,920.0,19.0,0.0,0.0,76.0,1859.0,97.0,63.0,18.0,0.0,0.0,0.0,9.0,9.0,0.0
177.0,15.0,15.0,296.0,143.0,258.0,45.0,26.0,66.0,349.0,23.0,3.0,26210.0,17.0,127.0,88.0,1169.0,82.0,153.0,464.0,5.0,13.0,0.0,13.0,52.0,150.0,20.0,25.0,48.0,43.0,0.0,6.0,42.0,67.0,213.0,0.0,127.0,11.0,20.0,42.0,1661.0,272.0,148.0,6.0,394.0,498.0,26.0,5.0,16.0,522.0,5080.0,15.0,35.0,82.0,3.0,10.0,4.0,99.0,16.0,0.0
190.0,22.0,3.0,454.0,149.0,265.0,29.0,12.0,43.0,93.0,15.0,0.0,22067.0,14.0,124.0,61.0,1351.0,87.0,157.0,486.0,23.0,8.0,0.0,6.0,74.0,93.0,9.0,23.0,41.0,36.0,0.0,9.0,36.0,33.0,185.0,0.0,79.0,9.0,20.0,27.0,1704.0,68.0,199.0,3.0,437.0,760.0,26.0,4.0,9.0,365.0,3891.0,11.0,17.0,66.0,4.0,0.0,2.0,126.0,15.0,0.0
196.0,0.0,0.0,210.0,84.0,9.0,24.0,4.0,10.0,31.0,1.0,6.0,3090.0,10.0,1.0,1.0,155.0,182.0,7.0,119.0,13.0,9.0,0.0,25.0,13.0,35.0,3.0,43.0,11.0,25.0,0.0,4.0,12.0,52.0,22.0,2.0,26.0,5.0,5.0,1.0,307.0,87.0,7.0,1.0,3.0,71.0,61.0,40.0,6.0,53.0,951.0,24.0,41.0,2.0,2.0,0.0,21.0,80.0,14.0,0.0
202.6305,17.153,104.5767,248.5602,261.1489,476.7507,991.2076,45.7194,29.4663,27.1863,38.7657,88.2496,249.8156,53.731,82.4205,91.7608,18.2618,32.8909,25.9174,69.7073,45.9655,370.0737,16.5481,163.2323,2967.3781,92.0555,12.7175,27.8849,116.1072,218.4888,2.1556,43.1761,167.619,275.0687,201.9403,62.2972,11.6091,73.0357,135.8309,31.7186,50.5389,111.4062,52.7555,47.4352,204.1799,2.3995,101.1614,60.9264,93.9112,40.913,95.1402,78.5593,213.5974,57.3773,54.7287,75.1972,50.2646,157.7067,30.9238,0.0
204.8701,40.2709,48.0068,470.3158,453.097,1399.378,1535.6178,69.4573,78.4389,65.6337,110.8716,201.1893,457.5038,151.3848,183.8598,173.1499,52.924,103.7958,88.9225,179.8676,150.946,1341.3252,132.5258,318.8529,5618.5985,191.0138,34.0741,67.8793,276.3767,355.5105,9.8525,136.0598,209.4749,526.7203,323.9161,149.4103,16.5327,137.1381,295.2569,60.2231,75.5204,245.054,88.7113,106.6072,334.0071,12.5277,186.1925,114.5866,223.268,99.8735,347.6839,171.8641,478.0838,132.1325,140.5961,109.9314,131.5432,402.1254,53.8752,0.0
213.0536,258.9672,106.0775,3089.3896,117.5234,2618.5039,3761.7684,55.0479,70.3842,31.9288,49.8774,243.4595,8136.7172,80.8131,63.636,97.5479,33.6714,1246.2229,289.0186,216.0646,190.1011,4938.1325,18.0444,338.3711,7367.134,73.414,1119.5389,240.3638,383.1448,167.9484,4.9236,121.7057,88.5289,677.7513,132.8006,43.3895,120.2774,431.9713,1947.1064,297.0813,176.8153,1344.4784,3261.6058,519.5175,409.4941,71.0435,235.1818,502.5922,155.1186,504.6689,150.6568,78.1564,601.4578,78.9141,52.7044,328.4701,135.9068,156.0614,398.21,2.0
221.0,10.0,23.0,212.0,92.0,138.0,17.0,19.0,62.0,164.0,34.0,2.0,37185.0,9.0,1527.0,17.0,1888.0,145.0,25.0,303.0,40.0,3.0,46.0,21.0,420.0,90.0,7.0,66.0,269.0,27.0,0.0,14.0,23.0,44.0,139.0,11.0,193.0,12.0,33.0,17.0,2187.0,170.0,138.0,5.0,88.0,847.0,16.0,22.0,6.0,347.0,4896.0,15.0,9.0,25.0,11.0,10.0,9.0,158.0,154.0,0.0
224.0,18.0,65.0,805.0,70.0,173.0,28.0,31.0,115.0,5280.0,39.0,3.0,25799.0,5.0,76.0,12.0,2085.0,317.0,61.0,395.0,177.0,7.0,103.0,33.0,131.0,96.0,73.0,224.0,174.0,34.0,0.0,9.0,24.0,23.0,83.0,4.0,161.0,21.0,21.0,132.0,3569.0,1790.0,49.0,19.0,93.0,2014.0,581.0,8.0,14.0,439.0,10663.0,23.0,18.0,41.0,3.0,11.0,58.0,131.0,74.0,0.0
234.0,2.0,0.0,138.0,128.0,69.0,11.0,5.0,44.0,507.0,3.0,11.0,7278.0,6.0,69.0,0.0,391.0,264.0,12.0,296.0,34.0,4.0,43.0,14.0,56.0,55.0,4.0,6.0,44.0,50.0,0.0,1.0,12.0,14.0,53.0,5.0,40.0,11.0,16.0,4.0,748.0,113.0,17.0,3.0,19.0,826.0,318.0,76.0,10.0,128.0,2515.0,7.0,12.0,24.0,20.0,0.0,5.0,103.0,29.0,0.0
252.0,7.0,1.0,270.0,70.0,114.0,19.0,25.0,89.0,1620.0,39.0,10.0,28366.0,6.0,84.0,43.0,2556.0,162.0,34.0,415.0,112.0,6.0,104.0,19.0,199.0,61.0,39.0,145.0,158.0,40.0,0.0,4.0,19.0,16.0,53.0,1.0,116.0,5.0,10.0,36.0,3740.0,1384.0,52.0,6.0,61.0,3455.0,241.0,22.0,10.0,401.0,10406.0,15.0,17.0,27.0,1.0,0.0,63.0,113.0,70.0,0.0
278.6554,104.1884,49.1248,1894.0374,114.7017,3717.4368,7161.8923,58.8692,141.7694,272.3134,72.1641,665.0088,18089.5676,70.2953,57.8962,177.5519,47.036,581.6182,257.0219,695.0697,220.0475,493.9422,1002.2208,170.7715,4820.6365,198.8145,1819.9601,722.0312,468.9295,448.8591,5.7925,77.4449,246.549,452.766,128.5678,65.7428,152.9313,430.8505,2043.5392,156.8477,441.875,1819.2316,158.9646,571.4733,430.0871,94.0636,385.5461,669.0831,57.9948,1026.3801,2888.2432,70.4331,385.7866,172.6283,105.1716,253.6755,174.4107,175.8688,597.6427,2.0
283.0,23.0,12.0,548.0,80.0,259.0,33.0,32.0,143.0,1047.0,35.0,57.0,37698.0,30.0,91.0,10.0,484.0,128.0,41.0,210.0,83.0,9.0,88.0,12.0,202.0,228.0,2.0,39.0,217.0,44.0,1.0,10.0,57.0,19.0,78.0,27.0,196.0,48.0,29.0,8.0,1291.0,539.0,538.0,8.0,138.0,182.0,71.0,20.0,6.0,525.0,3567.0,56.0,12.0,98.0,23.0,4.0,5.0,210.0,118.0,0.0
293.0,12.0,2.0,215.0,60.0,136.0,18.0,8.0,25.0,3040.0,42.0,2.0,32055.0,3.0,75.0,10.0,1296.0,123.0,26.0,276.0,54.0,3.0,0.0,24.0,245.0,61.0,9.0,211.0,138.0,15.0,1.0,12.0,16.0,22.0,64.0,6.0,266.0,12.0,14.0,16.0,1760.0,233.0,90.0,6.0,68.0,592.0,178.0,28.0,11.0,187.0,6417.0,15.0,26.0,23.0,5.0,6.0,12.0,97.0,51.0,0.0
311.0,3.0,2.0,477.0,95.0,59.0,28.0,7.0,31.0,40.0,13.0,91.0,6631.0,20.0,20.0,8.0,248.0,94.0,10.0,145.0,68.0,15.0,39.0,32.0,74.0,68.0,6.0,9.0,71.0,48.0,0.0,8.0,16.0,43.0,46.0,5.0,51.0,5.0,20.0,3.0,492.0,338.0,23.0,9.0,13.0,146.0,104.0,71.0,12.0,149.0,917.0,15.0,26.0,15.0,19.0,1.0,10.0,118.0,79.0,0.0
322.0,12.0,3.0,462.0,98.0,473.0,30.0,18.0,306.0,68.0,0.0,3.0,13566.0,6.0,109.0,15.0,1816.0,107.0,59.0,351.0,21.0,45.0,4.0,6.0,114.0,210.0,0.0,14.0,155.0,77.0,0.0,0.0,59.0,23.0,95.0,4.0,69.0,17.0,25.0,56.0,3062.0,212.0,146.0,8.0,147.0,3826.0,161.0,60.0,0.0,800.0,3318.0,16.0,25.0,31.0,58.0,11.0,12.0,259.0,18.0,0.0
361.1776,569.0558,123.0753,1485.6571,118.4632,928.8179,4617.8152,33.8291,5.0605,2.0076,4.0063,73.6866,64.2303,56.22,19.6185,70.2869,12.0267,1709.8324,670.6383,18.324,33.71,724.678,201.6084,369.6407,2085.5636,14.9054,49.0097,1.2173,37.3292,602.809,1.7449,40.8843,29.11,417.846,37.9722,44.5911,1.6637,3379.4716,1798.2983,1251.0877,473.1289,30.8436,130.1453,1943.5094,470.8969,1.7062,7.051,1624.2136,51.358,159.0557,69.7771,32.8426,188.1024,9.876,15.7297,1577.2373,385.2684,23.8362,322.1539,2.0
374.0,12.0,1.0,155.0,83.0,57.0,11.0,10.0,81.0,10.0,25.0,15.0,14113.0,2.0,17.0,22.0,410.0,54.0,10.0,115.0,39.0,14.0,20.0,6.0,19.0,26.0,0.0,6.0,60.0,21.0,0.0,3.0,55.0,9.0,63.0,0.0,76.0,13.0,30.0,5.0,820.0,226.0,61.0,1.0,16.0,303.0,18.0,14.0,2.0,182.0,760.0,12.0,7.0,22.0,4.0,0.0,3.0,71.0,35.0,1.0
378.0,15.0,9.0,238.0,103.0,143.0,25.0,23.0,96.0,1170.0,10.0,9.0,5587.0,1.0,106.0,7.0,806.0,183.0,53.0,247.0,41.0,71.0,29.0,16.0,319.0,112.0,4.0,134.0,87.0,30.0,0.0,7.0,31.0,16.0,128.0,10.0,246.0,42.0,29.0,13.0,1591.0,717.0,61.0,7.0,42.0,720.0,456.0,50.0,21.0,333.0,4277.0,32.0,11.0,15.0,16.0,8.0,7.0,87.0,26.0,0.0
389.0,6.0,0.0,146.0,63.0,62.0,9.0,12.0,6.0,104.0,9.0,11.0,39152.0,3.0,35.0,8.0,619.0,64.0,78.0,172.0,20.0,39.0,0.0,10.0,68.0,25.0,0.0,48.0,15.0,14.0,0.0,20.0,87.0,17.0,104.0,7.0,59.0,12.0,33.0,31.0,897.0,323.0,215.0,19.0,83.0,963.0,27.0,5.0,10.0,68.0,936.0,22.0,4.0,15.0,3.0,5.0,4.0,39.0,29.0,1.0
414.0,88.0,30.0,479.0,65.0,313.0,83.0,37.0,227.0,3620.0,73.0,72.0,3056.0,28.0,53.0,9.0,2113.0,355.0,142.0,146.0,649.0,35.0,77.0,86.0,321.0,181.0,18.0,48.0,190.0,44.0,1.0,17.0,61.0,18.0,49.0,20.0,1361.0,72.0,93.0,164.0,3933.0,7878.0,116.0,34.0,54.0,1713.0,1402.0,104.0,70.0,877.0,5108.0,79.0,16.0,76.0,21.0,19.0,25.0,257.0,74.0,0.0
416.0,7.0,3.0,368.0,133.0,54.0,54.0,9.0,52.0,91.0,19.0,85.0,11816.0,19.0,5.0,4.0,1507.0,206.0,28.0,139.0,82.0,18.0,9.0,41.0,76.0,82.0,10.0,8.0,71.0,42.0,0.0,9.0,22.0,63.0,20.0,7.0,103.0,8.0,36.0,10.0,3335.0,1107.0,15.0,5.0,5.0,834.0,52.0,57.0,6.0,159.0,1685.0,13.0,51.0,9.0,21.0,3.0,42.0,166.0,60.0,1.0
426.0,5.0,15.0,147.0,147.0,32.0,26.0,0.0,0.0,1162.0,47.0,6.0,8766.0,6.0,33.0,7.0,1082.0,979.0,6.0,258.0,171.0,9.0,0.0,22.0,123.0,17.0,3.0,98.0,4.0,14.0,0.0,2.0,7.0,58.0,35.0,4.0,1099.0,3.0,16.0,7.0,3861.0,2061.0,5.0,3.0,1.0,769.0,173.0,3.0,20.0,34.0,7144.0,47.0,18.0,24.0,0.0,0.0,5.0,12.0,7.0,0.0
441.6798,168.0592,15.4391,1199.3403,139.5108,513.0601,8182.6021,97.4638,39.4834,31.6846,38.39,95.4148,474.1896,41.6859,74.0625,96.024,20.8815,256.3799,79.0917,109.801,62.8172,407.7148,49.8166,211.8686,7409.7504,60.3056,228.6243,31.476,140.1532,1615.0847,5.816,117.1583,86.191,801.2882,183.3873,45.3791,109.0643,158.0321,1930.7527,146.6057,106.6604,705.3641,1202.2395,781.3146,748.2508,15.4648,74.2616,168.1082,80.8153,100.9851,143.6316,82.9958,323.3526,54.7396,29.2961,60.4016,309.8517,132.8595,59.7507,2.0
452.2344,258.2899,171.2439,2419.6185,396.0388,3761.6788,12958.9859,154.3277,68.4016,83.3743,75.645,179.732,1234.8256,89.5041,149.8107,199.1961,49.0743,787.456,163.0782,215.6759,95.9302,3202.9569,378.4435,474.3209,16308.9105,159.2445,39.7807,37.8967,237.5151,1064.5235,10.5292,173.9733,173.9075,988.2213,417.3672,112.3277,26.1098,380.1682,2332.1818,233.2822,156.9333,150.4003,300.1068,1032.3473,589.8456,25.1269,155.2684,161.0788,208.155,109.4762,236.8843,177.6115,572.6156,88.6437,55.5008,346.7341,181.8604,229.0943,86.2856,2.0
500.5666,1136.8204,659.2701,11630.5072,189.2675,3500.3484,7109.7667,498.4969,269.3247,286.8879,84.7174,2419.7469,34563.0212,117.0025,50.0942,114.988,33.65,4020.9054,966.7199,1357.3485,102.5183,409.7818,58.8733,920.0958,7170.3844,109.1754,33.0102,8.2139,1122.7261,1225.9645,42.1483,638.7709,550.5845,2857.2924,157.7623,111.1028,32.2151,1740.8594,7713.7123,943.924,642.3306,211.7197,1332.9647,2785.6816,2765.1027,57.6619,188.5984,6828.8088,429.9804,2843.2427,620.3999,42.8461,1139.1021,71.8871,272.7257,1239.4019,860.6906,213.9018,2142.7012,2.0
510.0,3.0,14.0,105.0,119.0,124.0,12.0,4.0,60.0,214.0,11.0,9.0,3771.0,8.0,61.0,7.0,158.0,173.0,4.0,406.0,19.0,4.0,30.0,22.0,84.0,113.0,11.0,4.0,30.0,62.0,0.0,2.0,17.0,18.0,128.0,7.0,18.0,5.0,13.0,2.0,333.0,75.0,35.0,5.0,47.0,141.0,123.0,81.0,13.0,181.0,1246.0,17.0,12.0,9.0,19.0,2.0,17.0,76.0,2.0,0.0
540.0,14.0,8.0,534.0,80.0,242.0,50.0,48.0,113.0,245.0,23.0,70.0,17380.0,32.0,46.0,12.0,1032.0,170.0,78.0,243.0,94.0,14.0,8.0,34.0,149.0,93.0,19.0,31.0,140.0,42.0,0.0,7.0,82.0,44.0,132.0,2.0,75.0,21.0,67.0,46.0,1920.0,579.0,183.0,19.0,111.0,771.0,379.0,103.0,24.0,318.0,2419.0,18.0,9.0,60.0,31.0,4.0,26.0,254.0,108.0,0.0
553.0,10.0,6.0,559.0,42.0,157.0,37.0,26.0,451.0,60.0,33.0,4.0,4320.0,40.0,9.0,27.0,207.0,45.0,11.0,274.0,244.0,48.0,88.0,8.0,63.0,282.0,16.0,11.0,221.0,90.0,0.0,5.0,110.0,15.0,91.0,2.0,82.0,15.0,21.0,37.0,621.0,463.0,112.0,8.0,108.0,169.0,62.0,158.0,10.0,630.0,708.0,9.0,2.0,24.0,28.0,3.0,16.0,296.0,42.0,1.0
568.0,4.0,3.0,368.0,317.0,84.0,20.0,27.0,92.0,81.0,35.0,44.0,114888.0,7.0,42.0,29.0,3239.0,148.0,17.0,254.0,78.0,9.0,1.0,30.0,125.0,38.0,22.0,83.0,195.0,63.0,0.0,7.0,53.0,63.0,87.0,25.0,158.0,9.0,35.0,23.0,3504.0,227.0,61.0,16.0,52.0,1810.0,70.0,62.0,17.0,235.0,3607.0,23.0,16.0,36.0,3.0,4.0,16.0,163.0,66.0,0.0
572.0,38.0,10.0,337.0,85.0,182.0,72.0,55.0,480.0,156.0,45.0,2.0,5289.0,26.0,17.0,28.0,1181.0,208.0,51.0,252.0,108.0,100.0,25.0,40.0,102.0,212.0,29.0,19.0,341.0,104.0,2.0,8.0,71.0,35.0,67.0,14.0,97.0,22.0,109.0,81.0,1827.0,497.0,16.0,22.0,80.0,3267.0,653.0,155.0,11.0,511.0,1710.0,11.0,10.0,27.0,44.0,5.0,79.0,228.0,68.0,1.0
772.0,7.0,8.0,195.0,185.0,42.0,22.0,18.0,50.0,366.0,8.0,12.0,4384.0,7.0,13.0,2.0,1307.0,339.0,26.0,274.0,92.0,14.0,14.0,25.0,165.0,58.0,9.0,81.0,44.0,38.0,0.0,5.0,9.0,47.0,37.0,4.0,65.0,6.0,51.0,19.0,2718.0,866.0,22.0,20.0,16.0,5128.0,419.0,55.0,24.0,177.0,2880.0,48.0,14.0,12.0,13.0,2.0,47.0,248.0,55.0,1.0
857.0,25.0,13.0,484.0,140.0,317.0,35.0,32.0,30.0,73.0,43.0,49.0,35734.0,3.0,39.0,42.0,706.0,205.0,54.0,333.0,88.0,33.0,15.0,26.0,79.0,65.0,1.0,14.0,169.0,74.0,0.0,22.0,255.0,54.0,517.0,8.0,166.0,25.0,123.0,34.0,1651.0,865.0,163.0,25.0,378.0,251.0,169.0,34.0,12.0,561.0,899.0,51.0,16.0,73.0,13.0,9.0,14.0,133.0,99.0,1.0
882.0,5.0,1.0,327.0,115.0,253.0,24.0,16.0,65.0,25.0,19.0,31.0,37910.0,8.0,36.0,21.0,819.0,55.0,18.0,273.0,65.0,22.0,9.0,7.0,50.0,87.0,1.0,36.0,49.0,35.0,0.0,19.0,124.0,16.0,288.0,1.0,119.0,18.0,18.0,4.0,1261.0,395.0,296.0,6.0,234.0,863.0,36.0,24.0,2.0,277.0,1001.0,24.0,2.0,17.0,4.0,3.0,6.0,141.0,66.0,1.0
989.1867,545.2176,121.7592,5335.421,156.1183,2777.1078,2458.5025,162.1958,43.9961,114.0831,62.5349,3116.4841,37020.7127,197.5177,47.4545,74.3132,207.2412,1007.9642,581.1216,1476.182,722.8961,4471.7954,112.4471,390.5951,12367.0954,70.947,604.4898,156.8053,2637.3044,838.7782,150.8666,446.3717,158.3757,2125.43,91.1956,307.5893,182.416,890.0328,2699.8904,482.94,2606.9916,5841.1638,1317.9514,1410.551,1235.7107,692.6609,620.9944,2174.7798,135.6611,1497.0817,3544.5613,59.7378,614.6285,46.5378,114.4281,258.2913,1113.0055,880.2828,568.8672,2.0
1126.0,27.0,1.0,936.0,192.0,565.0,34.0,56.0,563.0,190.0,70.0,24.0,27111.0,20.0,197.0,44.0,2325.0,187.0,81.0,703.0,165.0,205.0,0.0,59.0,69.0,562.0,2.0,29.0,490.0,108.0,0.0,4.0,299.0,25.0,495.0,13.0,317.0,60.0,33.0,185.0,3971.0,450.0,373.0,21.0,476.0,516.0,193.0,9.0,11.0,1857.0,6805.0,41.0,30.0,106.0,48.0,4.0,1.0,668.0,241.0,0.0
1257.6153,656.2459,233.184,8427.5762,107.3693,7105.965,2446.0594,61.1424,6.0401,52.0921,45.0037,1110.5789,3078.8679,60.3553,43.2363,44.0636,12.986,674.768,787.7125,188.0393,786.2229,11042.588,47.9136,464.0437,12276.9224,21.1185,88.0956,82.5143,209.5223,142.1355,304.9067,319.9146,49.7185,3346.7968,45.2878,108.2447,358.7007,1034.8887,2379.7109,147.0239,232.5052,2243.7485,16.6443,883.2059,1073.3064,2.0072,59.9592,1679.4194,127.4547,313.9481,1701.2718,36.7124,285.8421,110.7698,32.368,345.2147,1430.4288,665.5557,151.0603,2.0
1412.5666,625.1889,373.745,6537.6627,115.9784,2784.5928,6338.7556,366.9637,19.1636,50.1319,98.1535,3301.5193,10046.4957,529.4787,50.0046,105.9531,27.9308,1150.5374,990.9352,1185.645,2561.9891,1996.9422,127.595,297.6,15363.6624,30.0695,25.9645,148.796,689.1324,322.6713,693.3689,350.7524,62.5695,2220.3247,90.4267,144.1325,465.2174,1244.1989,3453.192,177.0026,598.4985,5249.3972,79.9251,1268.5504,836.0217,2.6623,419.381,1377.7477,172.2067,742.6044,3770.9899,41.4816,339.295,110.8015,39.2751,328.339,1550.1236,1371.9393,618.5183,2.0
1694.0,35.0,3.0,362.0,135.0,187.0,45.0,18.0,93.0,562.0,37.0,16.0,72789.0,17.0,39.0,57.0,1943.0,143.0,59.0,217.0,103.0,12.0,3.0,35.0,85.0,76.0,2.0,19.0,114.0,61.0,0.0,22.0,326.0,34.0,188.0,15.0,176.0,21.0,126.0,54.0,2728.0,350.0,132.0,29.0,171.0,3831.0,276.0,38.0,8.0,449.0,3320.0,51.0,15.0,37.0,10.0,12.0,26.0,129.0,58.0,0.0
1842.0,33.0,3.0,559.0,265.0,174.0,118.0,49.0,299.0,618.0,32.0,16.0,26543.0,46.0,82.0,11.0,5639.0,548.0,87.0,767.0,186.0,26.0,118.0,78.0,124.0,222.0,22.0,61.0,226.0,151.0,0.0,10.0,437.0,170.0,413.0,19.0,239.0,56.0,75.0,58.0,8468.0,1997.0,308.0,37.0,89.0,8980.0,302.0,168.0,49.0,622.0,5937.0,49.0,76.0,59.0,33.0,20.0,61.0,323.0,74.0,0.0
1932.0,30.0,22.0,1355.0,968.0,173.0,184.0,45.0,50.0,418.0,82.0,213.0,70721.0,84.0,85.0,29.0,3171.0,1611.0,80.0,2311.0,159.0,80.0,41.0,290.0,81.0,301.0,18.0,91.0,148.0,204.0,4.0,26.0,361.0,537.0,891.0,55.0,334.0,40.0,188.0,54.0,5358.0,1942.0,422.0,69.0,309.0,3007.0,268.0,31.0,150.0,363.0,4092.0,132.0,246.0,261.0,12.0,8.0,51.0,549.0,83.0,0.0
1945.0,46.0,4.0,445.0,298.0,185.0,122.0,47.0,371.0,574.0,28.0,44.0,21575.0,110.0,79.0,36.0,1940.0,525.0,161.0,758.0,274.0,24.0,86.0,96.0,91.0,175.0,13.0,25.0,120.0,181.0,5.0,17.0,443.0,116.0,752.0,44.0,257.0,53.0,146.0,72.0,5384.0,668.0,530.0,75.0,204.0,3609.0,506.0,127.0,35.0,655.0,3031.0,58.0,30.0,47.0,62.0,28.0,107.0,333.0,109.0,0.0
